{
  "config": {
    "real_dataset": "C:\\Users\\hau66\\Downloads\\Human Faces Dataset\\Real Images",
    "fake_dataset": "C:\\Users\\hau66\\Downloads\\Human Faces Dataset\\AI-Generated Images",
    "seed": 42,
    "val_size": 0.2,
    "learning_rate": 0.05,
    "epochs": 60,
    "l2": 0.0001
  },
  "dataset_overview": {
    "raw_real_images": 5000,
    "raw_fake_images": 4630,
    "valid_samples": 9540,
    "invalid_samples": 90,
    "train_samples": 7632,
    "val_samples": 1908,
    "feature_dim": 544
  },
  "default_metrics": {
    "threshold": 0.5,
    "accuracy": 0.9816561844863732,
    "precision": 0.984646878198567,
    "recall": 0.9796334012219959,
    "f1_score": 0.9821337417049515,
    "false_acceptance_rate": 0.016198704103671708,
    "false_rejection_rate": 0.020366598778004074,
    "true_reject_rate": 0.9838012958963283,
    "balanced_accuracy": 0.9817173485591622,
    "acer": 0.01828265144083789,
    "tp": 962,
    "tn": 911,
    "fp": 15,
    "fn": 20
  },
  "threshold_sweep": [
    {
      "threshold": 0.3,
      "accuracy": 0.9811320754716981,
      "precision": 0.973,
      "recall": 0.9908350305498982,
      "f1_score": 0.9818365287588294,
      "false_acceptance_rate": 0.029157667386609073,
      "false_rejection_rate": 0.009164969450101833,
      "true_reject_rate": 0.9708423326133909,
      "balanced_accuracy": 0.9808386815816446,
      "acer": 0.01916131841835545,
      "tp": 973,
      "tn": 899,
      "fp": 27,
      "fn": 9,
      "meets_targets": true
    },
    {
      "threshold": 0.35,
      "accuracy": 0.9832285115303984,
      "precision": 0.9769076305220884,
      "recall": 0.9908350305498982,
      "f1_score": 0.9838220424671386,
      "false_acceptance_rate": 0.024838012958963283,
      "false_rejection_rate": 0.009164969450101833,
      "true_reject_rate": 0.9751619870410367,
      "balanced_accuracy": 0.9829985087954675,
      "acer": 0.017001491204532558,
      "tp": 973,
      "tn": 903,
      "fp": 23,
      "fn": 9,
      "meets_targets": true
    },
    {
      "threshold": 0.4,
      "accuracy": 0.9842767295597484,
      "precision": 0.9817813765182186,
      "recall": 0.9877800407331976,
      "f1_score": 0.984771573604061,
      "false_acceptance_rate": 0.019438444924406047,
      "false_rejection_rate": 0.012219959266802444,
      "true_reject_rate": 0.980561555075594,
      "balanced_accuracy": 0.9841707979043958,
      "acer": 0.015829202095604247,
      "tp": 970,
      "tn": 908,
      "fp": 18,
      "fn": 12,
      "meets_targets": true
    },
    {
      "threshold": 0.45,
      "accuracy": 0.9837526205450734,
      "precision": 0.9837232960325534,
      "recall": 0.984725050916497,
      "f1_score": 0.9842239185750636,
      "false_acceptance_rate": 0.017278617710583154,
      "false_rejection_rate": 0.015274949083503055,
      "true_reject_rate": 0.9827213822894169,
      "balanced_accuracy": 0.9837232166029569,
      "acer": 0.016276783397043103,
      "tp": 967,
      "tn": 910,
      "fp": 16,
      "fn": 15,
      "meets_targets": true
    },
    {
      "threshold": 0.5,
      "accuracy": 0.9816561844863732,
      "precision": 0.984646878198567,
      "recall": 0.9796334012219959,
      "f1_score": 0.9821337417049515,
      "false_acceptance_rate": 0.016198704103671708,
      "false_rejection_rate": 0.020366598778004074,
      "true_reject_rate": 0.9838012958963283,
      "balanced_accuracy": 0.9817173485591622,
      "acer": 0.01828265144083789,
      "tp": 962,
      "tn": 911,
      "fp": 15,
      "fn": 20,
      "meets_targets": true
    },
    {
      "threshold": 0.55,
      "accuracy": 0.9790356394129979,
      "precision": 0.9865702479338843,
      "recall": 0.9725050916496945,
      "f1_score": 0.9794871794871794,
      "false_acceptance_rate": 0.014038876889848811,
      "false_rejection_rate": 0.0274949083503055,
      "true_reject_rate": 0.9859611231101512,
      "balanced_accuracy": 0.9792331073799228,
      "acer": 0.020766892620077155,
      "tp": 955,
      "tn": 913,
      "fp": 13,
      "fn": 27,
      "meets_targets": true
    },
    {
      "threshold": 0.6,
      "accuracy": 0.9758909853249476,
      "precision": 0.9875,
      "recall": 0.9653767820773931,
      "f1_score": 0.976313079299691,
      "false_acceptance_rate": 0.012958963282937365,
      "false_rejection_rate": 0.034623217922606926,
      "true_reject_rate": 0.9870410367170627,
      "balanced_accuracy": 0.9762089093972279,
      "acer": 0.023791090602772146,
      "tp": 948,
      "tn": 914,
      "fp": 12,
      "fn": 34,
      "meets_targets": true
    },
    {
      "threshold": 0.65,
      "accuracy": 0.9727463312368972,
      "precision": 0.990506329113924,
      "recall": 0.9562118126272913,
      "f1_score": 0.9730569948186528,
      "false_acceptance_rate": 0.009719222462203024,
      "false_rejection_rate": 0.04378818737270876,
      "true_reject_rate": 0.990280777537797,
      "balanced_accuracy": 0.9732462950825441,
      "acer": 0.026753704917455892,
      "tp": 939,
      "tn": 917,
      "fp": 9,
      "fn": 43,
      "meets_targets": true
    },
    {
      "threshold": 0.7,
      "accuracy": 0.9685534591194969,
      "precision": 0.9935760171306209,
      "recall": 0.945010183299389,
      "f1_score": 0.9686847599164927,
      "false_acceptance_rate": 0.0064794816414686825,
      "false_rejection_rate": 0.054989816700611,
      "true_reject_rate": 0.9935205183585313,
      "balanced_accuracy": 0.9692653508289601,
      "acer": 0.030734649171039838,
      "tp": 928,
      "tn": 920,
      "fp": 6,
      "fn": 54,
      "meets_targets": true
    },
    {
      "threshold": 0.75,
      "accuracy": 0.9622641509433962,
      "precision": 0.9945652173913043,
      "recall": 0.9317718940936863,
      "f1_score": 0.9621451104100945,
      "false_acceptance_rate": 0.005399568034557235,
      "false_rejection_rate": 0.06822810590631365,
      "true_reject_rate": 0.9946004319654428,
      "balanced_accuracy": 0.9631861630295646,
      "acer": 0.03681383697043544,
      "tp": 915,
      "tn": 921,
      "fp": 5,
      "fn": 67,
      "meets_targets": true
    },
    {
      "threshold": 0.8,
      "accuracy": 0.9564989517819706,
      "precision": 0.9944994499449945,
      "recall": 0.9205702647657841,
      "f1_score": 0.9561078794288737,
      "false_acceptance_rate": 0.005399568034557235,
      "false_rejection_rate": 0.07942973523421588,
      "true_reject_rate": 0.9946004319654428,
      "balanced_accuracy": 0.9575853483656134,
      "acer": 0.04241465163438656,
      "tp": 904,
      "tn": 921,
      "fp": 5,
      "fn": 78,
      "meets_targets": true
    }
  ],
  "selected_operating_point": {
    "threshold": 0.75,
    "accuracy": 0.9622641509433962,
    "precision": 0.9945652173913043,
    "recall": 0.9317718940936863,
    "f1_score": 0.9621451104100945,
    "false_acceptance_rate": 0.005399568034557235,
    "false_rejection_rate": 0.06822810590631365,
    "true_reject_rate": 0.9946004319654428,
    "balanced_accuracy": 0.9631861630295646,
    "acer": 0.03681383697043544,
    "tp": 915,
    "tn": 921,
    "fp": 5,
    "fn": 67,
    "meets_targets": true
  }
}