{
  "config": {
    "real_dataset": "C:\\Users\\hau66\\Downloads\\Human Faces Dataset\\Real Images",
    "fake_dataset": "C:\\Users\\hau66\\Downloads\\Human Faces Dataset\\AI-Generated Images",
    "seed": 42,
    "val_size": 0.2,
    "learning_rate": 0.05,
    "epochs": 40,
    "l2": 0.0001
  },
  "dataset_overview": {
    "raw_real_images": 120,
    "raw_fake_images": 120,
    "valid_samples": 236,
    "invalid_samples": 4,
    "train_samples": 188,
    "val_samples": 48,
    "feature_dim": 544
  },
  "default_metrics": {
    "threshold": 0.5,
    "accuracy": 0.9791666666666666,
    "precision": 0.96,
    "recall": 1.0,
    "f1_score": 0.9795918367346939,
    "false_acceptance_rate": 0.041666666666666664,
    "false_rejection_rate": 0.0,
    "true_reject_rate": 0.9583333333333334,
    "balanced_accuracy": 0.9791666666666667,
    "acer": 0.020833333333333332,
    "tp": 24,
    "tn": 23,
    "fp": 1,
    "fn": 0
  },
  "threshold_sweep": [
    {
      "threshold": 0.3,
      "accuracy": 0.9791666666666666,
      "precision": 0.96,
      "recall": 1.0,
      "f1_score": 0.9795918367346939,
      "false_acceptance_rate": 0.041666666666666664,
      "false_rejection_rate": 0.0,
      "true_reject_rate": 0.9583333333333334,
      "balanced_accuracy": 0.9791666666666667,
      "acer": 0.020833333333333332,
      "tp": 24,
      "tn": 23,
      "fp": 1,
      "fn": 0,
      "meets_targets": true
    },
    {
      "threshold": 0.35,
      "accuracy": 0.9791666666666666,
      "precision": 0.96,
      "recall": 1.0,
      "f1_score": 0.9795918367346939,
      "false_acceptance_rate": 0.041666666666666664,
      "false_rejection_rate": 0.0,
      "true_reject_rate": 0.9583333333333334,
      "balanced_accuracy": 0.9791666666666667,
      "acer": 0.020833333333333332,
      "tp": 24,
      "tn": 23,
      "fp": 1,
      "fn": 0,
      "meets_targets": true
    },
    {
      "threshold": 0.4,
      "accuracy": 0.9791666666666666,
      "precision": 0.96,
      "recall": 1.0,
      "f1_score": 0.9795918367346939,
      "false_acceptance_rate": 0.041666666666666664,
      "false_rejection_rate": 0.0,
      "true_reject_rate": 0.9583333333333334,
      "balanced_accuracy": 0.9791666666666667,
      "acer": 0.020833333333333332,
      "tp": 24,
      "tn": 23,
      "fp": 1,
      "fn": 0,
      "meets_targets": true
    },
    {
      "threshold": 0.45,
      "accuracy": 0.9791666666666666,
      "precision": 0.96,
      "recall": 1.0,
      "f1_score": 0.9795918367346939,
      "false_acceptance_rate": 0.041666666666666664,
      "false_rejection_rate": 0.0,
      "true_reject_rate": 0.9583333333333334,
      "balanced_accuracy": 0.9791666666666667,
      "acer": 0.020833333333333332,
      "tp": 24,
      "tn": 23,
      "fp": 1,
      "fn": 0,
      "meets_targets": true
    },
    {
      "threshold": 0.5,
      "accuracy": 0.9791666666666666,
      "precision": 0.96,
      "recall": 1.0,
      "f1_score": 0.9795918367346939,
      "false_acceptance_rate": 0.041666666666666664,
      "false_rejection_rate": 0.0,
      "true_reject_rate": 0.9583333333333334,
      "balanced_accuracy": 0.9791666666666667,
      "acer": 0.020833333333333332,
      "tp": 24,
      "tn": 23,
      "fp": 1,
      "fn": 0,
      "meets_targets": true
    },
    {
      "threshold": 0.55,
      "accuracy": 0.9791666666666666,
      "precision": 0.96,
      "recall": 1.0,
      "f1_score": 0.9795918367346939,
      "false_acceptance_rate": 0.041666666666666664,
      "false_rejection_rate": 0.0,
      "true_reject_rate": 0.9583333333333334,
      "balanced_accuracy": 0.9791666666666667,
      "acer": 0.020833333333333332,
      "tp": 24,
      "tn": 23,
      "fp": 1,
      "fn": 0,
      "meets_targets": true
    },
    {
      "threshold": 0.6,
      "accuracy": 0.9583333333333334,
      "precision": 0.9583333333333334,
      "recall": 0.9583333333333334,
      "f1_score": 0.9583333333333334,
      "false_acceptance_rate": 0.041666666666666664,
      "false_rejection_rate": 0.041666666666666664,
      "true_reject_rate": 0.9583333333333334,
      "balanced_accuracy": 0.9583333333333334,
      "acer": 0.041666666666666664,
      "tp": 23,
      "tn": 23,
      "fp": 1,
      "fn": 1,
      "meets_targets": true
    },
    {
      "threshold": 0.65,
      "accuracy": 0.9791666666666666,
      "precision": 1.0,
      "recall": 0.9583333333333334,
      "f1_score": 0.9787234042553191,
      "false_acceptance_rate": 0.0,
      "false_rejection_rate": 0.041666666666666664,
      "true_reject_rate": 1.0,
      "balanced_accuracy": 0.9791666666666667,
      "acer": 0.020833333333333332,
      "tp": 23,
      "tn": 24,
      "fp": 0,
      "fn": 1,
      "meets_targets": true
    },
    {
      "threshold": 0.7,
      "accuracy": 0.9583333333333334,
      "precision": 1.0,
      "recall": 0.9166666666666666,
      "f1_score": 0.9565217391304348,
      "false_acceptance_rate": 0.0,
      "false_rejection_rate": 0.08333333333333333,
      "true_reject_rate": 1.0,
      "balanced_accuracy": 0.9583333333333333,
      "acer": 0.041666666666666664,
      "tp": 22,
      "tn": 24,
      "fp": 0,
      "fn": 2,
      "meets_targets": true
    },
    {
      "threshold": 0.75,
      "accuracy": 0.9375,
      "precision": 1.0,
      "recall": 0.875,
      "f1_score": 0.9333333333333333,
      "false_acceptance_rate": 0.0,
      "false_rejection_rate": 0.125,
      "true_reject_rate": 1.0,
      "balanced_accuracy": 0.9375,
      "acer": 0.0625,
      "tp": 21,
      "tn": 24,
      "fp": 0,
      "fn": 3,
      "meets_targets": false
    },
    {
      "threshold": 0.8,
      "accuracy": 0.9166666666666666,
      "precision": 1.0,
      "recall": 0.8333333333333334,
      "f1_score": 0.9090909090909091,
      "false_acceptance_rate": 0.0,
      "false_rejection_rate": 0.16666666666666666,
      "true_reject_rate": 1.0,
      "balanced_accuracy": 0.9166666666666667,
      "acer": 0.08333333333333333,
      "tp": 20,
      "tn": 24,
      "fp": 0,
      "fn": 4,
      "meets_targets": false
    }
  ],
  "selected_operating_point": {
    "threshold": 0.65,
    "accuracy": 0.9791666666666666,
    "precision": 1.0,
    "recall": 0.9583333333333334,
    "f1_score": 0.9787234042553191,
    "false_acceptance_rate": 0.0,
    "false_rejection_rate": 0.041666666666666664,
    "true_reject_rate": 1.0,
    "balanced_accuracy": 0.9791666666666667,
    "acer": 0.020833333333333332,
    "tp": 23,
    "tn": 24,
    "fp": 0,
    "fn": 1,
    "meets_targets": true
  }
}